Feature,Importance
Money Spending,17.03863638473177
Productivity,17.012192929132613
Gaming,12.54433572754218
Food Quality,9.95549151916775
Learning,8.21651627175965
Exercise,8.011578620069406
Hydration,7.460824893696731
Sleep Quality,7.439723480792561
Creativity,6.906275287658699
Social Interaction,5.414424885448645
